0,1,2,3,4,5,6,7,8,9,10,11
0.093,169.423,5.694,-30.697,54.222,-50.379,18.135,4.401,-26.516,2.554,-12.14,-7.977
21.541,-109.881,-42.699,-19.053,-8.5,17.865,38.392,31.138,-59.771,45.885,39.53,15.044
34.578,37.094,36.265,-4.204,-15.091,-12.067,33.518,7.812,0.592,15.187,-1.849,8.912
30.69,45.883,-2.826,-7.559,-32.878,-31.138,16.988,29.131,-5.092,14.3,-12.548,24.01
28.855,5.425,14.551,-47.36,-15.838,-14.103,24.384,-21.79,-15.374,30.235,-17.027,25.109
30.646,-13.19,-39.136,-44.141,-6.957,-36.756,17.964,-0.024,-22.686,5.346,3.328,16.521
30.037,-54.752,-52.507,71.212,21.188,-2.222,-0.551,47.082,-1.03,-7.955,-82.839,17.283
33.488,15.51,14.559,74.202,-6.78,76.773,16.286,46.925,-12.287,12.709,-20.245,8.105
38.042,-78.627,-19.035,-149.046,40.782,37.382,-9.583,39.642,11.971,18.846,-36.77,10.066
27.316,-116.391,-76.485,55.623,-33.199,-87.305,9.173,27.362,-17.942,-10.94,-17.843,28.75
23.605,-115.247,-67.815,45.882,-23.983,-89.827,19.236,25.338,-29.8,-15.144,-10.671,30.55
30.124,-142.749,-66.886,87.197,-39.42,-84.969,12.043,36.677,-20.762,-14.32,-24.101,33.547
21.944,-141.643,-107.845,24.234,-5.977,-29.034,14.777,48.848,-22.072,-7.279,10.419,9.485
48.31,44.716,110.533,-11.105,50.052,112.208,83.634,-2.823,3.918,54.308,102.115,-45.836
50.04,4.7,53.557,38.913,52.478,-21.942,-16.965,9.525,-17.212,-13.706,-51.902,-23.496
44.674,127.648,-60.943,-32.972,52.739,-48.375,30.694,-33.956,-13.904,-0.285,-15.683,-24.095
49.738,-34.874,48.635,24.659,29.817,-5.029,13.866,-2.363,-23.766,-0.096,-27.852,-19.531
44.327,6.908,-49.775,33.835,9.301,-0.499,-54.121,24.171,13.128,-23.328,-45.104,9.196
29.491,-118.357,-50.797,83.524,-25.428,-58.439,18.292,42.974,-21.207,-6.454,-9.865,35.704
27.097,-133.657,-25.958,-111.612,-12.338,34.698,51.559,30.63,-27.481,4.285,-43.646,27.353
42.372,61.675,-77.673,85.063,-15.2,-3.381,-80.579,-1.988,4.773,-5.371,-50.787,-1.864
50.201,32.071,71.712,-28.24,39.775,27.467,22.641,8.651,-23.831,44.843,24.996,-12.732
51.065,8.07,69.338,27.885,51.855,-28.515,15.375,13.565,-1.476,-3.082,-25.196,-2.04
48.623,-26.381,16.839,5.411,36.343,29.346,18.071,41.553,3.182,4.887,-20.009,19.809
34.553,-19.558,-111.166,103.655,11.966,-6.534,29.353,-23.787,-49.136,24.109,-27.918,30.304
33.159,-135.594,-54.953,92.142,-39.219,-53.438,23.087,14.895,-54.243,-1.628,-9.369,28.382
36.662,-67.475,87.099,-292.896,12.676,-8.751,79.256,30.437,-25.387,-11.104,45.57,-9.897
51.618,0.223,93.23,42.722,50.001,-32.348,25.051,9.146,-6.637,13.976,-28.477,-22.79
48.753,45.32,-5.231,17.667,45.08,-35.516,-23.177,82.765,-21.32,10.122,-25.072,11.765
50.509,52.475,1.916,-7.204,34.687,16.712,-36.714,42.338,-37.343,17.902,-31.821,-0.631
48.712,17.524,3.827,-36.407,21.139,15.478,-19.287,-57.667,-31.728,48.519,-17.551,13.541
47.152,-76.23,32.238,50.864,28.468,11.466,30.52,12.248,-11.444,-15.229,-57.723,23.272
32.914,-37.71,-73.085,41.978,-7.469,-83.26,29.102,-49.619,-15.23,-11.291,-13.14,29.585
34.154,-131.419,-53.854,94.601,-42.224,-65.254,21.38,20.402,-46.208,-6.25,-7.639,28.428
33.591,-138.906,-61.529,114.059,-32.985,-11.657,29.033,13.292,-47.741,10.907,22.377,18.92
38.046,-97.475,-54.638,129.797,-34.59,-55.278,11.015,4.906,-43.398,14.15,-8.599,37.312
29.323,-149.38,-57.756,46.767,-43.873,-78.872,21.2,17.903,-38.72,-14.675,0.428,18.808
37.367,-128.41,-23.215,90.389,-37.733,-75.419,14.607,-7.389,-52.809,12.608,0.334,37.321
43.096,-48.15,25.581,-78.491,23.928,82.554,26.748,31.273,-12.433,-35.994,20.442,-6.714
48.985,23.823,34.107,19.09,22.809,2.447,5.085,66.983,-33.033,6.322,-17.172,-3.103
46.551,-44.188,37.841,-55.229,35.032,-6.613,30.32,20.537,-5.037,-2.863,-31.103,32.889
39.898,24.148,-71.974,38.898,-10.62,-54.367,11.479,43.948,16.099,-43.325,-22.691,44.861
31.473,-68.066,-81.029,20.97,-11.28,2.573,26.287,8.567,-19.425,20.215,-41.087,42.362
28.684,-119.6,-61.904,-0.538,-18.597,57.145,39.393,35.212,-16.376,-5.348,-49.337,31.352
25.554,-127.675,-57.286,-35.481,-21.259,15.097,36.532,36.563,-20.653,0.561,-16.61,22.914
36.693,94.892,-104.372,16.06,-8.472,-71.918,-28.095,-0.904,-21.46,-28.952,-11.422,7.713
48.568,45.582,25.066,2.392,39.847,15.162,40.991,-46.287,-39.065,29.094,-5.314,27.215
51.841,-8.524,50.132,18.517,43.437,-13.02,3.115,25.864,-30.79,-8.405,-21.318,0.929
48.699,73.827,-0.628,-66.049,49.515,4.924,5.984,-45.279,-43.984,20.65,6.848,2.686
51.444,4.944,23.065,25.052,41.382,-8.773,13.877,11.343,15.616,-15.844,-39.981,-11.376
46.492,21.086,-7.703,-95.817,13.871,13.701,-43.482,40.603,13.866,-30.957,-7.086,-8.596
43.477,9.31,-99.965,105.999,-0.821,-9.966,-41.434,-20.97,10.341,-7.686,-60.672,25.928
31.895,-116.498,-62.658,98.741,-31.543,-26.226,26.501,22.04,-21.781,-0.014,16.044,32.197
30.946,-122.288,-66.593,72.009,-32.925,-83.677,19.097,23.169,-25.836,-30.573,-21.23,27.787
43.606,-9.787,-43.763,-87.201,42.796,72.143,-6.229,61.574,16.228,-24.582,5.396,14.159
46.927,66.421,-42.413,-65.102,40.667,51.804,-19.735,23.43,-16.234,38.987,-44.044,15.438
50.04,58.248,-17.586,-57.203,61.252,-2.734,-22.447,13.112,21.897,18.648,5.975,23.057
53.869,51.989,36.315,-11.094,40.666,-39.585,15.302,23.21,11.265,5.07,4.969,21.75
49.894,6.809,-29.309,98.514,39.633,-21.555,9.802,6.487,10.349,-10.355,-77.316,41.453
32.666,-124.1,-59.642,93.471,-38.531,-34.038,24.222,21.034,-46.905,12.818,7.476,27.817
28.982,-130.345,-56.877,47.947,-17.573,64.503,44.527,32.308,-40.989,-24.107,-25.554,19.716
34.689,-118.314,-43.897,123.889,-43.181,-82.336,13.143,11.194,-54.186,6.002,-12.965,33.81
35.851,-97.295,-44.826,96.638,-35.828,-74.522,14.138,30.54,-48.371,6.155,-3.34,30.558
49.486,19.589,6.237,6.679,27.458,15.523,19.252,9.077,10.073,9.983,-1.226,23.531
50.532,97.397,-25.48,-53.09,22.885,-22.048,-44.966,-0.904,27.858,-23.795,15.122,10.429
52.763,33.752,36.797,35.393,30.158,-12.349,30.229,38.067,-12.646,11.601,-25.478,-8.425
53.652,56.891,29.436,33.413,43.043,2.933,-0.873,-38.356,-33.179,-16.413,-17.014,-21.19
47.844,-63.552,2.835,-6.594,39.978,-71.25,-8.696,27.532,4.972,28.032,8.163,14.844
51.058,2.014,40.971,-39.55,59.303,-2.947,17.028,37.915,21.811,8.683,-3.356,-1.349
49.951,33.85,-20.336,-21.596,33.528,11.118,13.496,-0.981,-33.039,24.777,-12.531,12.68
51.975,11.996,27.555,-4.476,39.599,-11.368,7.992,25.912,-2.449,-11.533,-28.76,6.194
52.176,13.962,2.818,11.238,10.814,-30.519,40.442,-2.258,-47.426,8.851,5.063,35.962
51.91,33.127,-22.762,-17.369,29.233,-12.733,-12.488,17.144,13.922,5.69,-38.281,16.428
45.741,-2.566,-83.155,30.53,30.738,-53.499,-16.154,-44.565,-13.032,6.263,-12.997,30.178
47.325,28.127,25.138,-65.239,-19.535,19.42,-25.875,-17.288,7.375,-17.542,17.998,-23.298
53.435,30.538,-20.507,33.707,15.218,-42.384,-11.282,1.891,-0.233,-27.433,-14.65,3.466
48.395,-17.682,-6.672,32.996,1.91,-5.828,11.616,-29.579,-17.009,-24.835,6.846,-4.15
45.989,-38.19,-63.123,32.737,-17.811,-100.181,-8.573,-30.749,-17.486,8.477,-25.481,6.944
40.558,-88.501,-37.155,-14.168,-17.81,5.991,2.998,-14.193,-9.169,-28.15,-59.346,5.964
53.086,31.18,-57.968,45.582,10.908,-46.539,-38.071,-1.976,-12.575,-20.707,-31.827,19.839
47.919,10.288,-60.543,1.592,19.222,5.822,-7.839,-19.128,13.946,-16.763,-6.281,12.005
48.665,-14.071,-21.22,-4.725,-15.222,18.949,-4.074,-25.596,-4.12,-1.592,-42.643,17.861
44.263,-20.045,-111.918,64.308,3.512,-58.079,-17.963,-30.865,1.918,8.743,-13.599,9.275
42.536,-26.927,-113.253,99.546,22.932,-16.803,-11.039,-74.46,2.97,0.615,-34.487,16.754
51.057,27.915,-62.968,47.121,15.2,39.868,-12.441,21.696,4.237,-14.833,33.491,5.458
44.495,-1.835,-91.332,72.433,9.98,-56.026,-21.801,-49.392,-4.125,-10.388,-28.428,17.175
49.119,63.322,37.682,-109.03,18.296,52.771,63.983,-26.737,-10.199,-9.551,21.611,3.879
53.686,85.326,-36.496,53.154,42.677,-34.883,-8.157,-16.27,-13.537,-29.679,-33.448,26.403
54.762,96.494,11.546,-52.105,53.424,1.093,-22.552,-34.928,-4.014,15.902,-17.825,16.41
55.558,45.776,-26.912,14.0,48.739,-61.027,-5.905,36.152,9.199,-3.181,-24.427,15.443
51.657,61.552,-45.362,14.965,37.337,-14.002,25.949,-18.425,-40.823,-1.424,-21.532,3.819
52.026,41.627,-2.465,-43.421,13.798,24.944,-26.84,22.199,5.784,-17.913,-21.769,-4.69
52.305,84.585,-23.305,-52.686,3.65,3.945,-40.834,15.264,-0.736,-8.496,-22.818,11.918
54.863,31.454,-5.776,-23.923,16.148,9.201,15.705,16.182,-10.17,6.123,15.714,15.862
54.28,85.884,3.673,-9.283,5.978,-4.183,-25.67,1.992,6.112,-2.319,-20.644,-23.156
44.888,-1.198,-103.105,75.967,-12.634,-34.534,-7.979,-16.011,0.66,8.268,-3.086,9.0
43.215,-34.776,-121.789,98.949,7.395,-15.72,-6.411,-67.103,0.517,-5.121,-23.848,10.555
50.889,38.438,-63.364,37.007,10.605,52.669,-7.387,28.673,1.998,0.67,30.803,4.547
49.525,29.797,-35.159,-19.875,9.534,-40.341,-15.464,-32.751,-2.565,6.487,4.007,9.635
50.438,17.142,-24.303,52.215,-8.108,-21.351,-19.125,-29.543,-8.864,4.34,-20.887,24.611
44.136,-8.135,-102.188,81.814,1.349,-61.794,-19.198,-16.249,0.902,-5.84,-7.781,14.722
42.275,-44.333,-114.682,76.746,20.689,47.13,-4.339,-56.056,7.8,-15.767,-24.892,12.209
51.463,34.838,-61.953,33.35,9.149,41.191,-15.338,13.51,0.132,-1.768,15.709,9.566
49.25,-20.529,-60.811,-2.018,57.11,8.302,-6.799,-18.293,16.542,11.051,3.668,11.077
50.653,-31.89,3.766,-111.023,49.35,12.241,26.886,18.322,28.734,-13.071,18.809,0.742
54.557,76.975,41.069,11.017,54.623,-27.417,19.803,6.665,-28.281,-9.843,-30.74,4.472
54.834,72.114,-28.087,-35.074,50.241,1.26,-27.328,-11.77,-16.358,-6.974,-20.961,1.776
55.78,36.489,30.124,-37.008,41.141,-14.534,0.284,15.158,-9.444,3.372,5.902,-19.456
56.41,39.428,-6.063,11.646,42.475,-43.295,-0.159,-3.906,-4.896,0.384,-23.482,7.428
52.84,70.418,-25.885,-68.548,39.021,-11.836,1.752,-30.175,-12.008,-0.597,10.024,15.57
53.868,26.949,-9.888,18.037,35.51,-52.759,8.963,-13.612,22.744,14.251,-14.252,16.848
50.354,21.054,-1.421,2.568,8.758,-55.202,19.642,-16.495,-19.023,8.441,-5.654,6.073
50.12,-2.039,19.759,-8.664,13.289,-29.68,10.25,13.247,8.42,-0.769,-8.811,-15.163
53.64,33.536,-12.757,17.28,11.797,2.016,3.012,1.572,-12.622,-1.71,10.239,5.546
51.744,2.838,0.071,0.584,16.928,-35.243,14.776,-26.998,-20.307,-0.191,4.696,24.25
50.65,-7.859,7.264,-10.048,13.165,-31.928,22.086,6.681,3.258,-13.27,1.623,5.793
50.65,-14.965,28.608,-20.159,20.134,-28.484,2.878,-11.66,6.049,-1.433,-13.711,-6.476
54.952,26.192,-4.8,18.372,18.843,-48.573,-11.737,-29.18,-2.774,-20.517,-20.567,9.043
52.723,-5.088,24.423,4.411,36.357,-49.539,3.242,-20.88,-17.219,10.105,-0.286,11.087
52.045,-14.155,16.818,23.599,18.866,-5.612,7.376,-2.843,2.153,-21.035,-37.592,-0.556
47.539,-41.506,-13.436,20.08,32.133,1.471,28.139,-20.521,13.454,-41.165,0.498,-13.422
49.006,-4.966,4.003,-43.781,20.505,42.982,11.751,52.658,17.768,-42.132,-35.157,-1.46
46.054,-0.38,-54.616,39.965,29.863,-20.331,13.655,-47.741,9.091,-13.608,-5.07,5.91
51.856,99.843,55.397,-26.352,-9.239,15.651,27.109,13.804,10.725,-11.594,27.254,-12.122
55.266,87.403,51.176,-12.45,3.768,-25.847,35.233,-18.266,-17.98,18.581,-13.261,13.077
54.511,90.023,-9.712,46.746,26.441,-14.327,-15.105,-25.24,-12.581,-37.106,-28.002,21.446
53.698,82.781,16.546,-76.483,36.1,22.746,-7.625,-26.865,0.695,-17.877,-8.347,14.785
55.209,42.411,-16.698,13.61,41.622,-59.452,-12.582,40.597,12.134,-13.367,-14.053,19.711
50.218,39.304,-23.454,-7.135,13.827,-49.274,-16.973,-34.326,-21.467,6.116,2.812,21.757
53.254,66.538,-18.6,-5.887,14.249,17.697,-29.007,-10.508,7.429,-13.554,-1.835,1.699
51.495,60.539,-18.715,-66.769,-0.832,-0.834,-42.208,5.395,-5.906,-10.837,-23.189,7.523
55.946,34.98,-8.695,-8.172,22.768,-39.08,1.648,4.211,3.504,-1.517,0.744,10.661
52.562,62.343,-48.629,44.013,9.429,-0.023,-32.616,-19.255,10.522,-14.01,-63.586,-1.408
42.988,-35.887,-102.08,68.055,22.792,32.052,1.598,-62.84,13.0,-17.011,-16.52,7.565
53.254,31.064,-52.272,49.711,-1.463,-47.652,-21.171,-8.893,0.211,-22.729,-25.849,19.508
50.21,42.335,-12.499,-10.662,-10.627,-30.931,3.152,-15.858,-6.37,2.743,13.848,-1.279
49.424,-27.25,-34.776,51.298,5.859,-15.938,-17.12,-28.117,-5.784,-0.774,-52.488,20.727
42.601,-61.12,-100.845,66.633,29.339,45.42,-8.788,-48.576,13.917,-39.711,-29.819,6.217
50.345,16.12,-65.319,11.546,13.551,66.081,-15.295,10.838,8.6,-18.91,35.592,-2.886
46.327,-33.572,-90.229,60.995,11.565,-2.311,-23.97,-54.099,2.948,-1.441,-23.059,9.308
46.07,-44.312,-91.311,44.414,-0.84,-2.485,-8.185,-56.256,1.29,7.716,10.05,-1.371
46.886,-58.091,-50.655,17.719,27.235,48.843,0.421,-66.848,12.477,-28.761,8.585,12.545
53.522,20.303,-29.484,6.017,15.513,30.201,-4.59,-3.471,13.824,-25.644,30.623,7.577
52.794,61.906,21.127,-12.535,8.104,-34.14,-9.445,-9.851,5.18,0.373,0.65,16.889
50.936,16.749,-21.171,44.982,-8.616,-22.977,-21.16,-42.514,6.354,3.559,-51.779,14.188
45.595,-51.129,-75.797,60.534,-6.238,-43.036,-10.57,-56.777,2.929,19.458,-2.83,3.02
49.895,-14.043,-13.42,-69.549,15.494,97.776,21.429,27.696,19.28,-41.018,7.391,-8.688
53.421,91.364,-62.238,-11.161,-2.863,-41.283,-8.905,15.262,-3.57,-11.024,14.854,9.353
54.448,88.753,-26.187,-64.543,-16.406,7.146,-32.003,-6.816,21.918,-7.462,8.121,-0.957
55.558,51.05,16.023,-37.922,-0.962,-23.137,-2.567,-8.319,-2.18,11.141,-21.147,9.454
55.867,105.387,-2.423,-3.854,11.879,-33.272,-15.442,25.929,-9.687,-12.33,2.044,-6.984
57.16,84.555,8.962,-41.648,0.383,-42.065,-22.615,5.49,-2.735,-11.839,2.291,3.906
57.169,62.976,19.437,0.521,4.82,-36.244,0.239,22.869,1.032,-9.767,-15.878,-1.574
53.501,98.988,-4.748,-20.87,-18.686,-34.364,14.185,-13.282,27.535,1.856,-11.312,16.57
54.447,71.695,32.38,-58.987,-3.335,-19.818,12.948,-19.218,13.32,21.952,-19.926,5.547
52.454,96.321,-8.493,-57.063,36.395,-32.351,-1.712,6.065,9.875,-8.56,-5.368,4.192
53.528,75.786,-22.326,-20.186,5.106,-28.352,-49.172,-9.333,-0.316,-0.871,2.22,17.739
53.216,38.153,22.062,-15.508,69.306,-25.771,-20.924,-11.554,25.081,15.445,-27.88,24.632
55.586,106.767,15.964,-75.116,20.392,8.968,-17.93,-24.267,-3.757,-1.285,9.085,12.732
57.533,48.255,39.288,-15.267,-4.678,-26.477,9.991,17.736,-6.593,1.379,-2.416,15.444
57.429,44.398,47.121,-22.671,0.414,-26.612,12.037,15.277,-1.303,-1.116,-12.211,2.47
57.92,59.242,30.11,-20.793,4.727,-38.763,5.356,15.609,-11.035,6.558,-6.468,-7.152
56.571,57.311,11.052,-23.895,-7.274,-26.032,11.826,7.399,-7.803,2.781,-12.333,-2.975
55.9,59.277,12.219,-44.493,-4.848,-16.109,6.078,17.087,1.859,-11.519,-4.93,-3.873
55.765,87.458,-18.074,-26.722,10.208,-32.969,23.394,-31.196,-4.117,-9.175,-13.689,-5.326
56.793,72.894,6.896,-20.244,14.438,-17.021,-20.496,4.447,15.88,1.138,-6.412,11.929
56.642,54.234,22.937,-31.337,13.331,-21.447,-0.042,-4.67,-2.448,16.879,-4.95,-2.09
55.135,42.604,-4.776,-20.622,14.238,-33.203,18.979,-21.241,4.086,-0.991,-8.668,-15.067
54.916,14.961,18.506,-21.051,22.74,-32.988,3.63,-9.032,14.771,18.969,-11.096,-3.911
55.593,4.551,29.745,-25.25,41.005,-33.372,9.113,-15.169,22.489,17.507,-10.763,-5.646
56.678,22.562,38.937,-8.712,20.251,-47.121,39.746,1.65,19.861,9.843,6.609,-1.562
57.249,37.344,18.232,4.097,20.647,-44.79,5.509,-3.774,14.65,-8.159,-15.426,-2.059
55.89,29.014,49.386,-17.094,17.292,-38.073,25.202,21.391,0.907,2.049,-3.969,1.46
57.519,65.282,36.94,-21.928,-3.98,-23.293,12.502,24.771,-1.923,-23.298,-4.188,7.728
57.483,35.534,35.815,-18.631,-10.091,-33.177,9.606,9.864,-9.074,-10.306,-4.232,9.164
57.834,43.705,66.836,3.081,21.749,-35.599,37.376,7.047,-1.342,1.541,-5.798,1.708
56.497,33.19,36.019,-31.568,0.592,-32.449,16.423,24.399,-8.591,-7.477,-9.484,-3.551
56.204,47.449,20.344,-8.224,5.811,-31.509,18.674,9.719,1.336,-9.564,-12.237,0.638
55.793,78.358,-9.305,-29.037,-3.312,-14.75,1.416,-1.277,12.086,-9.259,2.702,-7.745
57.604,61.409,35.252,-14.354,8.908,-11.811,4.9,-2.745,3.835,-18.461,-4.477,-10.284
57.157,58.602,24.802,6.389,11.0,-46.653,-3.681,16.887,5.594,8.677,-6.34,7.899
55.822,36.11,23.332,-20.484,7.11,-15.854,-12.281,24.632,-15.169,7.971,-16.465,-8.552
57.107,40.398,28.628,-11.802,12.371,-33.727,-0.323,11.646,-7.412,-2.356,-23.895,-8.394
55.434,41.371,3.539,-0.311,-2.799,-47.966,-16.761,1.16,-3.977,8.02,-7.841,8.639
57.161,47.92,33.005,-15.566,3.265,-49.477,20.98,7.902,-5.442,15.33,5.334,16.272
57.714,54.735,21.306,-5.653,4.17,-41.511,4.77,8.816,-1.399,-17.344,-14.877,6.796
57.048,58.272,13.729,-25.293,6.823,-42.821,-8.166,2.15,-2.858,-10.261,0.455,4.544
58.895,90.337,43.043,-19.624,0.505,-30.036,25.134,0.056,-0.9,0.94,-3.225,-7.044
58.409,40.251,44.67,4.546,7.902,-29.893,4.642,-12.835,-15.603,-8.36,-5.614,-4.871
57.87,36.878,43.133,-3.572,25.011,-36.584,13.507,24.148,-6.287,-6.765,-9.3,-4.205
55.103,37.35,46.515,1.36,-14.673,-35.185,27.484,19.275,-18.651,0.888,-0.708,7.743
57.915,67.108,34.105,-18.873,2.4,-34.257,18.421,-15.368,1.269,10.818,-12.97,-4.612
57.738,28.255,53.762,13.674,13.973,-40.102,26.512,21.826,-12.287,-2.112,-5.253,2.437
57.834,69.528,15.713,-16.133,12.93,-11.243,-1.795,-6.2,7.764,-19.524,-3.978,-7.171
57.302,68.697,29.669,-19.664,-3.937,-30.372,11.466,18.773,1.28,-9.297,-29.139,-4.22
57.818,63.716,26.569,-0.259,-4.852,-36.148,-5.228,-4.141,0.815,8.727,-21.579,-0.992
56.662,92.811,5.275,-16.19,28.049,-32.297,21.052,-18.918,-17.088,-10.528,-18.543,-7.697
57.13,37.829,65.136,-3.799,16.786,-37.956,52.143,17.835,5.391,-8.59,3.847,11.568
58.46,51.25,41.06,7.386,12.746,-41.364,23.859,15.071,-2.404,-9.574,-12.929,4.899
56.911,72.465,29.787,-36.292,7.786,-27.106,-7.782,6.745,-27.103,17.666,-3.959,-11.804
56.544,57.362,21.804,-2.372,-10.23,-46.27,6.32,4.313,-11.544,-15.399,-4.24,1.185
55.845,33.233,42.815,-5.764,-15.095,-27.211,28.34,2.697,-7.312,-7.286,-6.175,-2.261
54.933,31.356,27.081,-6.545,-22.875,-39.057,30.352,18.641,-13.209,5.871,6.575,1.09
54.954,46.962,29.982,-8.049,-11.493,-31.981,41.143,-0.706,-1.067,-1.668,-13.593,9.401
57.038,35.599,35.341,-27.117,9.063,-17.835,21.488,2.958,7.705,5.749,6.491,-5.309
57.167,52.625,26.68,-0.641,19.113,-26.312,25.115,11.401,9.279,17.654,-13.578,11.186
55.997,49.607,-12.168,-3.6,17.288,-33.119,6.572,13.288,10.771,1.029,-27.579,-5.249
55.453,34.16,17.166,-39.331,10.915,9.591,18.909,4.251,7.844,-6.787,-19.126,-1.572
53.513,45.429,-0.426,-9.681,-23.594,-53.293,8.017,-19.467,7.371,16.749,-11.274,-7.602
56.265,22.276,43.302,-52.912,2.697,-3.568,30.84,18.932,6.58,-2.657,-3.502,2.494
57.166,46.672,29.482,-15.218,24.185,-21.383,34.099,9.437,22.272,0.381,-9.951,7.151
56.315,80.192,8.044,-23.899,4.787,-52.336,1.001,19.054,5.308,1.689,15.637,9.718
56.573,50.462,12.437,-11.487,17.087,-31.228,12.738,29.534,14.637,2.389,-16.041,-6.365
56.421,46.944,2.75,-1.911,1.375,-22.471,-1.297,6.64,7.179,6.047,-2.344,-4.27
54.498,51.806,17.254,-26.524,-27.809,-37.378,8.916,6.423,6.372,5.206,-5.108,0.4
57.159,78.118,-6.545,-29.6,-11.693,-51.693,-12.956,25.203,2.017,-16.796,2.819,-4.051
57.393,87.825,-6.608,-3.096,-9.062,-24.596,-21.763,-29.38,2.396,16.334,-21.948,-3.613
52.138,14.188,-9.579,85.65,7.055,-15.634,-19.078,14.787,8.788,-5.695,-51.891,0.07
44.268,-20.145,-87.726,74.917,-32.001,-109.514,-14.154,-0.255,1.18,37.717,-1.173,14.709
45.731,51.214,84.899,-184.271,-11.466,21.005,46.18,-24.448,-6.686,41.186,9.088,0.145
54.358,47.624,28.798,34.327,29.754,-20.794,-17.466,-15.134,-6.087,-1.713,-63.124,-8.529
48.268,107.154,-82.285,-94.301,24.454,-36.518,5.037,28.133,-13.666,-13.168,3.636,-17.467
53.025,65.487,35.553,-35.598,10.047,4.623,-1.36,-10.68,-8.806,25.587,-31.576,-14.373
51.946,73.267,-35.098,-31.846,-3.467,-16.907,-36.426,34.446,19.055,-3.804,-8.774,0.975
41.82,-25.335,-114.065,47.548,-4.233,-3.276,-35.182,-23.616,8.703,-2.205,-64.324,9.13
43.125,12.744,-20.275,-184.655,32.834,69.686,23.902,87.432,8.899,1.925,12.865,3.525
52.454,64.304,-55.163,-10.774,25.707,-30.77,-14.904,4.98,-12.962,43.345,-3.363,25.897
50.928,43.803,-53.988,-11.8,-17.91,-23.325,-16.817,-19.614,-8.298,19.624,4.432,11.798
51.574,64.996,-30.616,-75.921,-17.833,-29.528,-40.636,31.867,13.897,9.534,-1.283,4.324
54.076,83.382,-46.585,-20.669,-18.449,-21.856,-36.758,-24.43,7.833,29.253,-13.999,-2.714
54.364,53.632,-22.455,30.907,-3.256,-51.044,-18.299,11.019,2.907,-14.98,-12.677,8.385
50.295,12.114,-38.575,33.2,-2.724,-25.199,-1.467,-34.261,-12.069,-0.06,-11.794,12.469
48.202,-37.618,-17.933,-0.271,-28.061,-34.571,-16.545,-10.771,-14.737,-2.849,-10.406,10.489
48.586,-6.483,-68.347,15.84,-8.717,-23.452,-5.536,-25.95,10.004,7.975,20.703,1.806
50.595,35.95,8.914,-86.293,-16.224,-38.646,-6.721,24.726,-7.723,-3.475,5.2,5.406
54.263,41.631,-24.273,-14.668,35.238,-28.498,-10.017,-8.416,32.505,16.17,-11.702,32.222
56.48,42.614,29.21,-29.946,36.436,-10.201,13.653,14.615,24.234,-18.095,-7.3,10.492
54.577,54.062,-2.55,24.689,-2.394,-27.896,2.722,-16.909,-11.954,-5.183,-30.319,16.878
51.343,67.566,-69.03,-32.468,11.828,-23.656,-15.498,-26.426,-9.973,-9.091,-27.067,0.109
50.725,79.213,-63.394,-110.049,-4.829,-15.135,-57.37,17.846,9.999,0.075,3.011,-17.462
52.795,53.739,-62.336,30.195,-16.026,-34.634,-28.27,-58.431,0.646,16.215,-35.187,8.312
54.655,54.473,-18.527,36.579,3.951,-59.937,-13.364,-3.527,4.381,-8.166,-23.889,10.352
50.097,9.715,-29.349,-10.311,1.067,8.963,7.638,-15.082,-8.894,-20.844,-12.725,3.286
49.5,-0.785,-7.461,-4.038,-25.01,-15.927,-12.699,-19.26,-10.734,-10.695,-3.471,1.2
49.04,13.753,-67.118,35.564,-12.664,-74.808,-11.202,-48.065,-9.782,26.939,-18.088,19.785
47.078,-41.931,-18.769,7.928,-19.377,-51.702,-12.747,-28.21,-12.181,20.324,-2.954,-1.536
49.278,-7.769,-49.169,27.316,-27.865,-78.03,-3.693,-45.71,-13.512,19.988,-8.096,9.436
54.432,56.356,-10.17,5.182,-10.577,8.825,15.517,-8.056,4.128,-21.07,33.219,11.154
55.367,50.382,28.467,-14.883,2.566,-10.818,12.649,6.492,-23.421,-5.824,-12.59,1.389
53.845,80.982,-40.717,-20.159,19.425,-29.65,14.609,-16.323,-3.372,-5.102,-18.056,4.098
51.427,4.899,-36.559,32.18,43.73,-18.144,-19.239,-7.345,36.257,4.799,-42.244,22.639
45.524,26.851,-117.273,84.495,15.439,7.588,-23.852,6.832,11.113,17.183,-34.5,21.924
40.622,-47.153,-63.381,17.729,5.968,61.689,2.639,8.447,14.162,-19.666,-38.54,8.189
45.039,90.132,-84.418,10.477,6.955,32.414,-71.241,31.167,0.339,-22.211,-19.444,-22.758
52.508,72.241,-25.844,-11.816,25.902,15.214,8.893,-49.419,-23.306,14.723,6.264,13.973
55.707,89.249,30.428,18.19,18.162,-31.227,-4.422,11.128,-23.728,-16.898,-25.626,-5.365
51.574,85.182,-20.659,-58.841,50.915,0.832,-9.121,-51.438,-38.792,36.192,-37.686,0.773
52.352,20.713,-10.341,27.062,24.698,-12.042,-10.744,13.645,21.478,4.579,-42.177,-8.673
46.704,16.418,-72.01,-40.852,15.709,11.625,-41.12,14.649,18.059,-25.701,-39.706,16.465
45.176,7.447,-50.124,-101.281,23.678,71.491,16.392,13.578,-1.086,0.867,-5.332,2.756
48.016,29.439,-46.378,-9.175,8.024,-20.149,-10.579,-18.582,0.142,4.005,-25.113,2.87
51.818,62.874,8.987,-59.243,39.734,43.587,5.972,49.792,-5.244,10.438,-28.194,11.035
54.391,92.274,-29.116,-41.32,37.081,10.069,13.249,-27.12,-22.44,37.09,-5.438,13.485
55.161,66.578,-47.779,-7.836,31.488,-35.938,-12.208,0.62,-7.241,0.033,-6.496,2.517
51.854,62.841,-53.596,-28.263,-5.785,-10.11,-18.969,-26.254,6.912,-3.4,-9.285,16.115
53.798,115.996,-33.118,-63.679,-22.727,-29.819,-29.836,23.977,22.05,-2.72,7.46,-5.831
54.016,138.456,-46.094,-24.5,-10.213,-23.751,-51.21,-22.207,4.72,21.751,-25.291,2.895
55.573,84.326,-11.41,-10.186,8.043,-59.586,-11.959,29.739,-2.796,-11.124,1.14,3.412
53.497,56.133,-28.553,-24.636,-3.86,-21.497,-28.736,-26.578,0.308,5.462,-15.741,14.792
51.119,59.159,-52.819,-12.06,-15.209,-5.328,-33.634,-48.408,8.963,-15.603,-33.267,11.019
53.91,42.131,-41.672,30.906,-5.962,-26.391,-5.534,-8.798,3.884,-14.713,-20.864,16.081
53.734,-6.111,16.263,-37.842,44.015,17.748,16.725,8.368,31.012,-5.725,10.893,-2.069
53.488,20.281,0.674,-26.899,17.976,-24.522,-55.81,-4.552,-5.894,-19.161,9.921,-1.163
55.039,43.797,7.622,-46.852,17.13,-38.926,-1.075,-29.886,-13.1,9.499,2.052,3.285
52.423,4.397,-27.392,70.077,21.927,-73.848,18.51,-17.922,-34.716,2.821,-18.9,4.27
56.16,51.191,12.014,-21.562,-12.854,-8.514,-11.349,-9.036,-7.811,16.483,11.193,-24.641
56.2,0.473,53.57,-17.617,10.061,-30.665,16.634,7.657,-9.771,-13.648,-5.258,-30.492
56.55,25.52,13.508,41.434,23.052,-36.163,14.026,-16.46,-2.601,-13.047,-41.151,6.509
53.049,10.911,-23.084,-28.515,31.599,-8.088,1.185,1.381,8.396,22.347,-15.818,3.468
53.138,-0.701,-25.466,1.74,19.822,-22.297,-18.723,-28.17,29.615,7.198,-20.595,-8.535
53.052,-26.093,-4.642,-14.599,32.267,-66.985,27.998,-0.611,31.76,34.895,-4.527,-4.93
53.87,4.028,46.913,-12.659,21.894,-46.858,63.382,23.411,-0.622,3.508,-0.271,3.834
53.788,20.618,-5.468,10.882,29.573,-33.861,21.371,22.882,-19.604,-0.677,-33.152,-10.333
53.053,0.418,-30.88,2.719,30.118,-39.955,2.672,-26.268,-19.575,33.095,-29.173,-6.734
52.828,-14.163,25.019,-37.908,31.645,-29.017,-2.079,4.388,5.826,-3.294,4.367,20.672
55.621,43.288,40.652,-34.246,31.322,-20.546,15.331,31.207,16.82,-1.338,-10.515,15.197
55.043,47.722,10.97,-6.84,9.94,-41.811,-10.097,-20.496,1.1,9.738,-12.408,7.492
54.333,43.293,24.044,-30.838,31.26,-34.606,20.645,17.641,25.937,-8.212,9.324,26.468
55.141,26.609,11.622,-11.128,34.88,-63.121,-2.191,-2.525,22.54,14.395,-10.302,29.142
53.653,61.41,-36.458,37.511,15.796,-61.308,-22.179,28.743,-3.473,-21.814,-26.436,15.654
52.971,21.068,-14.714,35.707,-10.538,-26.072,6.93,-28.454,-13.96,22.619,-10.034,27.498
48.218,-16.088,-57.699,24.411,-20.164,-65.284,1.3,-46.588,-3.927,23.409,-17.363,13.539
45.344,-54.768,-17.142,-36.582,-15.711,-44.5,5.261,3.773,-3.625,-10.39,0.868,31.185
49.358,-11.388,-58.602,40.754,-17.202,-32.181,-8.084,-47.925,-7.78,4.01,10.52,5.591
53.534,32.486,-39.149,56.272,17.835,-18.966,-25.738,-6.694,-5.918,-12.97,-14.202,18.092
52.267,32.259,-37.365,37.811,2.702,-3.841,-6.883,-21.069,2.941,-9.918,-46.761,23.79
46.893,-26.25,-51.411,-6.236,-4.742,67.097,23.907,-16.592,14.402,-45.289,-11.173,-0.05
45.602,-69.085,-18.686,5.438,-18.77,-43.227,7.501,-33.59,-20.881,-3.427,-3.953,5.304
53.448,46.188,-43.465,63.848,3.309,-52.148,-25.248,3.957,1.818,-14.88,-33.53,16.956
50.265,0.437,-40.147,38.064,-0.246,-25.019,2.143,-41.966,-10.554,10.665,-11.166,4.841
48.671,-38.865,-18.051,-39.286,-11.966,-34.048,-18.782,-11.515,-25.393,-4.984,8.905,5.18
54.129,15.158,20.936,-46.682,9.952,8.381,17.156,-7.853,-7.229,-14.868,2.672,9.072
54.395,45.915,-9.454,28.901,37.864,2.596,2.695,-7.462,-0.388,-43.684,-26.883,2.606
53.936,51.402,6.416,-55.09,42.973,4.818,2.12,-0.724,-2.35,-15.302,2.907,16.747
54.364,68.016,5.924,-18.308,5.382,-45.387,-6.979,-6.059,-7.404,15.964,1.982,18.281
55.087,69.375,-14.028,6.206,9.757,-17.355,-36.166,-9.497,-0.694,17.028,-26.307,17.466
54.455,54.143,2.14,-41.797,-7.112,-14.437,-9.761,-2.434,-2.433,6.237,12.431,-8.421
55.244,51.657,-2.026,2.665,13.108,-15.258,-16.743,-23.356,1.574,-7.823,-36.789,-8.063
53.885,29.059,4.216,-50.44,10.138,-2.737,11.264,-2.607,-3.463,-5.779,-18.933,20.355
55.74,101.564,3.997,-39.032,-2.653,-8.249,-24.784,3.426,3.42,-12.945,9.08,-11.515
54.525,50.99,-28.55,52.054,9.977,-14.317,-24.998,-20.039,3.442,-3.854,-54.711,20.529
51.24,20.243,-32.877,0.268,5.021,16.867,17.387,-31.806,11.888,-9.777,10.731,22.864
53.215,27.129,-42.05,42.842,4.336,-31.585,-20.044,0.471,-5.819,-13.783,-17.025,14.527
52.275,36.67,4.277,-56.055,2.389,24.067,8.092,5.959,13.128,-23.434,14.037,9.279
51.368,8.855,-35.134,49.868,8.537,-17.573,-4.763,-27.728,4.813,-9.825,-48.209,13.045
47.924,-39.736,-65.169,26.304,-2.586,8.502,17.667,-28.543,18.623,-23.494,22.259,-8.744
44.502,-94.923,-43.062,-0.151,-29.093,-66.688,4.535,-15.932,-23.594,18.076,-16.665,12.583
51.653,2.563,-64.55,27.017,14.059,43.391,-10.508,5.913,3.072,-13.921,10.436,7.564
52.016,-19.5,-45.32,16.275,21.034,-32.531,-18.79,-33.722,2.428,30.806,-0.713,9.773
51.836,-34.599,-3.062,-78.419,33.816,14.374,22.014,0.579,32.246,-30.292,-8.022,8.068
55.504,22.071,26.418,-16.777,34.535,-33.256,31.904,22.036,-5.229,-20.045,-5.641,12.012
54.935,54.781,-22.783,-29.193,30.949,-21.325,-0.708,-17.676,-7.546,8.968,-12.088,-9.089
55.155,17.035,15.345,-26.796,79.833,-47.314,16.656,22.842,-9.011,-8.375,-5.577,-23.362
56.966,41.545,8.002,4.513,40.709,-27.61,20.637,6.227,-3.554,5.886,-6.967,-1.018
55.164,75.521,9.242,-15.484,26.11,-27.882,11.864,-33.759,6.863,7.07,-9.038,0.551
54.518,16.391,7.899,14.825,32.495,-26.104,8.591,-9.58,27.617,14.611,-27.765,20.193
52.871,31.188,-39.979,44.964,11.315,-7.57,-13.357,6.715,4.536,-10.862,0.559,8.93
53.089,43.067,-24.569,18.187,-11.398,-3.558,-15.239,-15.353,4.951,-4.499,-0.015,17.732
50.334,-8.863,-11.102,-14.029,4.535,-12.098,-6.878,4.462,5.04,-10.14,-6.325,30.404
48.48,2.907,-49.601,10.018,-14.945,-87.269,-26.273,-11.264,-0.611,25.957,-10.135,22.945
48.417,-19.885,-72.982,32.966,-15.577,-60.088,-9.401,-52.177,-10.187,13.87,-24.385,7.847
44.768,-68.735,-24.736,0.383,-32.218,-70.065,1.841,-11.209,-15.437,11.492,-12.965,3.463
55.825,62.886,-4.133,13.149,28.31,-30.419,-14.87,10.8,0.168,-9.95,2.516,8.322
51.462,14.891,-40.104,37.024,-9.674,-19.657,-2.974,-6.261,1.323,-6.716,-36.106,25.427
47.164,-3.149,-85.546,45.141,-21.406,-7.209,3.746,-45.01,-0.075,2.537,17.292,10.814
43.967,-68.515,-23.563,14.228,-27.059,-60.847,8.961,-23.943,-23.7,13.848,-9.143,21.305
52.839,41.727,-47.244,62.324,4.233,-11.287,-23.448,7.665,-2.063,-5.132,-18.368,18.243
49.849,15.763,-64.28,22.253,5.415,-46.236,-1.073,-24.032,-7.418,-6.566,-8.9,9.713
53.353,67.312,-10.904,-7.497,1.687,6.81,11.455,-4.666,20.071,-12.665,26.403,20.319
55.344,32.547,23.225,-24.716,17.989,-9.912,28.415,-14.387,-23.49,10.868,-8.241,8.382
53.662,33.311,-3.737,49.528,18.225,4.656,-11.408,3.464,4.219,-38.422,-35.887,6.271
52.969,60.022,-6.754,-79.164,42.373,22.051,11.991,5.443,3.142,-14.129,-12.431,5.049
54.281,70.786,-13.115,-2.571,8.105,-48.118,5.132,-28.913,-13.881,12.097,-4.865,15.09
54.087,58.92,-10.428,1.427,14.004,-6.466,-12.212,-3.325,10.947,-5.681,-32.522,18.193
54.746,56.729,-12.487,-35.0,-7.718,-25.33,-25.34,10.14,0.593,-0.512,16.636,-10.288
53.471,36.261,-5.813,14.1,-1.613,-47.312,-18.859,-29.398,-18.291,19.772,-5.06,5.881
54.668,26.892,27.037,-47.588,21.514,3.17,10.372,13.639,2.474,-3.516,-19.977,11.733
54.333,51.667,-35.367,27.435,22.715,-12.116,-26.504,-24.017,-1.007,-12.181,-45.597,23.241
49.105,-16.542,-22.813,-29.825,-9.197,29.098,7.544,-7.37,14.785,-31.401,-20.389,8.55
47.844,-78.316,-3.178,-6.345,1.624,-55.412,-4.373,-24.554,-9.908,11.759,-4.407,11.49
53.928,18.097,-28.219,39.104,19.814,-15.851,-10.972,-19.144,6.227,-14.652,-0.632,12.994
53.484,51.033,23.47,-13.408,3.31,5.043,17.173,-4.52,4.702,-10.5,19.636,4.478
51.24,7.236,-40.301,64.109,-1.16,-32.267,-10.52,-38.06,3.554,7.26,-50.835,24.274
48.511,-30.083,-66.264,24.997,1.671,-99.694,-17.98,-48.187,-8.07,18.475,-22.0,11.397
45.249,-106.956,-30.956,-15.89,-8.175,-33.914,-14.592,-17.626,-11.791,-0.679,17.986,11.607
53.278,18.25,-51.792,48.019,5.648,-23.16,-14.856,-12.333,-0.815,-10.036,-20.591,14.77
50.362,-11.641,-31.179,14.764,11.238,-58.068,-12.476,-45.655,-11.542,7.234,-0.685,18.802
47.344,-83.977,-11.475,-1.003,-8.33,-60.579,-16.381,-24.483,-10.954,11.521,-11.95,-3.117
48.899,-34.655,-61.649,21.319,-0.501,-1.165,8.072,-43.319,2.595,-15.652,-2.514,9.634
49.673,-23.739,-43.024,0.553,-8.137,23.722,20.317,-22.62,19.116,-28.676,39.998,-7.578
55.857,65.464,6.233,8.721,-8.06,-50.384,-13.634,3.144,11.566,-16.777,0.892,10.983
53.01,9.821,10.116,0.876,-16.63,-19.817,29.475,-2.132,-11.982,19.271,5.421,-6.006
52.609,7.268,20.096,-23.972,-14.294,-29.331,19.011,-12.459,-13.93,-11.002,-7.049,-6.312
53.889,28.943,9.335,-18.982,-12.921,-32.741,17.601,-14.253,6.301,-8.109,1.717,1.154
56.101,54.864,19.193,-4.204,2.713,-46.306,4.894,1.787,0.145,-4.742,-5.704,12.239
55.11,48.259,27.196,-30.251,1.788,-38.322,11.119,37.159,0.159,-11.541,-12.655,13.221
56.008,70.558,0.19,-28.869,5.049,-7.549,-0.862,-23.141,17.298,-22.771,8.093,17.16
56.429,48.022,39.785,-15.149,23.658,-22.26,-5.611,34.182,-9.573,-2.374,-2.767,6.869
56.902,95.679,16.269,-25.414,8.629,-17.007,-18.217,7.314,-18.7,7.508,17.014,5.496
56.928,59.967,62.203,-27.813,-6.752,-31.473,-14.318,32.223,-22.145,-5.84,-0.254,-13.905
57.65,94.073,36.835,13.922,13.267,-36.812,0.844,-8.845,-8.327,5.611,-10.936,-4.498
55.442,79.441,16.625,5.594,-17.328,-31.558,5.471,-18.053,-11.099,13.289,-13.053,16.739
54.559,77.133,21.413,-22.795,-23.423,-23.53,11.131,0.55,4.075,-7.385,-17.742,-2.925
53.206,21.63,8.567,-30.056,-27.554,-51.63,-2.374,12.473,-14.463,-10.69,-8.485,3.625
57.22,77.198,48.104,3.555,45.605,-34.553,31.454,-20.376,0.366,7.522,-10.042,3.663
56.2,29.17,6.222,-5.239,14.299,-30.23,-11.623,-0.516,-0.982,0.893,-12.016,-10.263
53.095,69.534,-18.993,-19.397,31.298,-32.528,1.564,-41.6,-18.36,-9.893,-9.926,-1.917
52.349,12.243,21.381,21.127,68.965,-11.884,-9.208,17.334,0.207,-19.116,-28.591,6.99
54.281,50.299,1.115,-106.882,21.261,11.186,1.838,10.405,9.878,-9.665,9.099,3.892
58.08,56.584,26.215,-14.146,5.405,-50.065,3.6,2.144,-2.336,-11.263,-3.786,-0.074
57.789,45.614,44.516,-15.797,11.516,-28.584,2.861,6.113,-2.581,0.807,-13.856,-10.362
57.151,56.11,37.095,-33.895,8.623,-27.73,10.448,33.302,-5.019,-5.547,-10.655,-11.999
55.925,49.861,4.726,-26.068,-5.876,-27.723,10.524,5.336,-6.593,2.335,-22.121,-3.397
56.886,63.904,5.951,-32.131,-1.577,-0.121,-7.766,4.492,-0.123,-18.733,-15.403,-3.137
55.584,106.452,-17.127,-38.996,6.864,-28.729,20.893,-18.923,-9.492,-5.944,-16.065,-2.678
56.785,88.582,14.92,-57.972,4.601,-20.941,-26.325,23.14,22.861,-21.551,2.576,-3.334
56.889,73.601,14.562,5.144,18.316,-28.23,-7.764,5.786,9.976,4.958,-19.582,4.677
55.839,58.23,10.824,-14.706,0.526,-34.827,3.823,-4.147,-12.096,8.043,-7.779,4.72
54.511,18.015,2.429,-26.235,7.304,-37.804,-14.545,-2.064,-8.613,14.917,-8.068,13.166
55.357,31.712,21.458,-56.386,20.171,-34.841,-1.095,-0.509,15.115,6.117,1.471,-3.907
57.301,40.158,25.253,11.507,25.168,-29.562,13.873,-4.467,12.96,5.291,-3.645,-0.057
55.389,9.676,27.617,-12.386,6.811,-48.276,23.329,-3.031,17.653,9.337,-2.62,-2.049
56.001,45.706,39.799,-23.822,12.411,-35.381,22.048,11.862,-3.853,-5.659,-3.895,12.648
58.143,81.379,23.536,-13.558,-5.039,-22.656,14.74,16.639,5.814,-25.123,-6.85,12.072
56.941,29.609,26.262,-12.605,-1.202,-27.327,-2.743,-16.623,-5.221,3.426,-2.477,-2.263
57.532,36.795,29.278,-4.176,14.4,-55.767,-0.33,0.222,-4.084,-12.525,-8.063,13.223
57.377,27.271,58.016,1.114,12.739,-24.668,21.17,14.601,-7.935,-8.884,-7.62,-3.062
57.193,37.982,24.956,-20.802,-5.826,-37.083,3.42,10.498,-15.176,11.513,-13.131,1.02
56.545,35.077,30.764,-31.446,-13.112,-38.059,15.772,28.766,-9.61,4.717,-7.263,1.358
57.053,53.022,7.601,-0.508,8.287,-50.252,5.418,3.587,-2.636,-21.621,-14.166,2.538
56.238,102.12,-18.12,-17.841,-11.824,-27.055,-9.343,-26.289,13.241,-3.451,-11.152,2.715
55.6,92.696,-28.458,-38.752,16.888,-43.334,22.872,-6.966,-9.768,-11.686,-14.51,-11.243
56.772,46.818,38.035,-33.24,1.818,-18.289,4.484,10.904,-8.991,-5.661,-9.788,-1.51
55.637,31.335,25.458,-16.497,10.728,-15.946,-3.1,25.081,-0.228,22.38,-17.8,-14.251
55.823,32.38,18.201,-11.819,0.767,-20.821,-9.294,20.317,6.396,-15.999,-16.916,-8.505
55.779,26.019,36.758,-16.631,-8.262,-45.964,20.912,5.424,-1.076,8.145,-7.283,-3.017
56.75,45.353,28.256,-0.855,4.136,-26.244,7.77,16.522,-4.937,-0.268,-12.764,1.419
56.298,44.351,11.796,-13.882,-1.804,-44.494,-2.067,3.06,0.55,-9.241,-2.724,7.329
58.281,84.655,40.66,-29.249,-0.318,-21.652,21.946,4.773,-1.536,-2.528,1.071,-6.215
58.747,53.733,54.998,15.306,7.512,-39.603,25.721,-14.634,-19.696,6.198,-14.742,-0.119
57.624,46.064,36.076,9.195,13.513,-47.299,16.7,16.534,-11.328,-6.508,-14.899,10.628
57.872,61.455,34.631,-18.749,5.002,-18.761,22.03,-9.57,8.434,-0.944,5.878,-4.677
57.172,33.882,59.505,-15.989,21.757,-36.818,32.653,9.359,23.982,3.656,-4.594,-9.831
57.97,44.494,54.146,11.993,12.149,-37.043,24.421,18.067,2.569,-3.289,-5.175,8.759
57.24,59.302,31.403,-27.007,5.62,-23.529,2.911,10.463,9.044,1.964,-1.452,-4.41
57.118,67.247,24.317,-16.364,-5.55,-26.439,14.029,6.795,2.679,-8.176,-22.384,1.75
58.644,77.032,28.67,-8.874,4.082,-21.673,3.625,-3.879,5.199,-2.792,-12.207,0.344
57.282,82.263,18.891,-6.516,15.653,-44.432,1.343,-0.256,-5.2,0.355,-8.893,1.367
56.468,41.062,40.808,-31.337,18.791,-21.402,12.888,26.164,2.237,-4.268,-9.946,3.878
57.531,73.563,36.542,-17.917,-5.897,-13.78,-21.198,-5.09,-2.921,-11.708,-8.127,-14.882
56.154,20.045,43.323,-11.774,-0.523,-29.621,-1.444,-2.902,1.437,4.524,-17.696,-26.839
56.081,51.028,31.114,-20.362,-4.565,-31.909,22.238,11.003,-12.598,-16.692,-6.307,-10.957
55.82,44.254,38.965,-2.897,-20.588,-37.132,35.083,-17.317,-14.29,6.957,-4.153,1.677
54.87,32.148,27.299,1.063,-27.54,-36.573,42.016,16.47,-12.252,3.405,-0.813,16.528
54.363,52.477,31.324,-3.647,-39.977,-45.94,25.151,9.214,-14.136,2.885,-0.271,-6.265
54.5,36.357,33.991,-16.964,-23.898,-38.564,32.222,3.417,-4.014,7.59,-11.287,1.696
57.37,33.797,33.322,-13.361,14.145,-17.788,19.63,1.549,3.073,6.667,8.893,-2.437
57.057,46.91,33.575,-5.406,12.168,-34.265,22.946,20.43,14.731,5.56,-17.13,8.673
56.635,48.966,3.094,-1.436,19.26,-39.232,8.395,14.838,17.102,4.961,-16.521,-4.997
57.897,70.219,13.747,-26.42,-1.303,-43.771,-13.515,20.862,0.389,-3.649,-5.522,-10.456
57.863,59.806,18.155,-23.558,8.863,-31.972,6.876,-28.978,3.23,12.216,-8.131,-9.792
56.589,41.797,23.244,22.136,19.042,-40.22,28.161,8.759,11.399,5.234,-28.143,4.362
53.283,23.784,-12.637,-23.059,-23.447,-57.909,-6.997,-10.194,-6.68,20.802,-18.766,0.78
52.791,3.596,9.295,-24.089,-25.45,-36.674,3.641,0.404,7.376,0.204,-6.027,-11.198
58.05,35.3,32.946,-3.869,16.673,-38.792,18.946,3.847,11.156,1.34,-7.294,8.757
57.003,36.461,29.004,-14.275,21.641,-24.366,29.579,20.698,18.187,0.07,-8.887,6.949
56.233,59.898,4.429,-10.211,4.679,-36.761,13.685,23.237,7.477,6.551,-4.723,-7.77
54.755,40.968,17.778,-27.899,-15.813,-26.018,8.184,-2.36,7.009,8.563,-22.05,-11.319
55.63,40.826,-9.22,8.184,-10.794,-31.925,-5.444,-3.071,4.855,-3.418,5.521,-0.286
54.575,41.835,-3.91,-21.259,-23.254,-45.534,4.623,-1.105,9.761,8.849,-2.174,-2.966
54.286,31.066,6.268,-37.241,-19.453,-11.862,7.994,5.228,8.157,-6.462,-19.921,0.708
54.732,27.677,19.19,-17.799,-17.976,-42.633,-0.152,-8.66,0.096,7.754,-8.307,-10.855
54.665,47.522,-5.527,6.098,-12.625,-45.011,3.076,-27.695,3.0,10.159,-18.804,0.731
55.782,91.298,-9.227,-29.649,-14.089,-35.657,-12.162,12.225,13.996,-9.73,0.712,-2.071
52.973,103.056,37.898,-18.342,7.431,-47.626,-18.071,11.307,-5.866,1.356,7.828,2.583
54.641,60.99,-0.933,-7.565,-23.601,-49.79,-3.622,5.605,10.607,2.809,7.47,-11.741
54.33,83.326,22.091,-26.075,-7.883,-27.265,4.549,5.455,6.139,1.42,-5.697,7.368
55.458,79.425,5.385,-20.185,-8.684,-7.039,-3.661,1.576,5.254,4.203,2.499,-6.031
57.311,57.629,53.42,-11.378,-9.34,-32.047,12.393,-4.726,-11.178,5.579,-13.258,-7.326
57.181,80.118,-13.381,33.752,10.279,-29.049,-16.943,-19.158,-18.34,-2.033,-10.289,-6.012
55.138,22.3,24.303,-40.094,16.687,-16.624,23.185,-6.086,0.984,7.877,-22.59,5.854
53.666,-11.018,47.501,-67.625,13.088,-34.921,48.126,22.704,0.581,-10.013,-0.581,7.861
52.575,-3.869,-30.073,84.016,-4.339,-33.415,0.581,-36.014,2.866,-4.966,-46.945,4.195
46.913,-15.425,-65.673,-69.165,21.653,-34.477,-4.549,5.429,1.47,-9.223,3.63,-19.324
46.977,-57.828,-61.786,5.033,3.305,-38.488,-14.519,-56.314,10.062,26.728,-0.111,-0.085
53.955,39.494,44.09,-96.832,14.053,40.635,15.808,53.476,37.972,-45.382,5.698,-6.224
57.894,104.802,17.287,0.955,16.43,-8.548,-9.216,-32.768,17.171,-5.767,-13.399,6.463
57.128,85.82,12.836,-39.271,-5.19,-45.874,-22.016,24.678,8.794,6.179,-15.241,5.463
55.342,110.173,26.421,-20.005,28.663,-35.151,-9.092,-7.923,-7.959,19.856,-3.023,5.966
56.746,59.561,20.588,-8.188,13.846,-34.652,5.425,6.202,1.587,12.249,-4.563,5.256
57.463,69.899,32.423,-25.942,18.067,-10.171,11.173,10.94,-2.843,3.483,-15.381,7.994
54.232,-13.185,13.244,3.956,19.152,-24.006,11.234,6.524,-2.669,19.47,-32.94,-0.417
49.303,-7.62,19.56,-16.082,-60.078,-23.241,23.108,-12.108,-14.184,-16.662,-2.252,-1.394
50.149,30.663,11.767,-15.427,-51.796,-42.368,9.871,-14.703,3.128,8.616,-5.96,-7.812
54.068,67.658,24.05,-59.936,-8.218,4.676,25.274,-10.987,17.837,-13.786,-15.14,0.868
56.749,106.255,-10.2,-36.023,23.341,-45.981,-1.464,0.287,0.11,-12.15,-8.467,18.617
57.993,50.781,40.395,-17.191,20.919,-26.641,23.357,37.354,-10.236,-0.372,-0.969,-7.141
56.457,72.455,43.717,-40.15,17.104,-32.403,20.31,10.566,-7.014,14.38,-13.226,8.751
56.783,53.943,6.396,-14.412,14.263,-32.437,12.868,-20.71,-17.762,23.202,-23.051,4.88
53.406,5.865,4.665,-21.591,8.065,-8.454,-2.551,-9.274,12.411,-8.4,-23.065,-24.733
49.642,-30.538,-10.253,-16.633,-10.423,-38.665,-4.417,-1.066,6.082,8.203,2.974,-20.117
53.201,-6.557,35.449,-38.029,-10.977,-15.55,4.056,21.266,-8.243,3.854,-12.266,-24.669
53.652,28.31,-2.352,-42.838,-15.879,-37.715,-18.398,6.894,-5.171,-0.901,8.224,7.844
55.305,42.444,34.313,-14.712,5.968,-39.444,22.06,-1.906,-5.952,-0.5,-8.707,-2.462
54.926,29.506,16.557,29.343,6.237,-19.839,26.286,-6.897,-6.523,-9.485,-40.061,10.159
50.491,-25.076,-2.848,-8.008,-22.725,-63.356,16.427,4.404,7.19,4.147,-1.516,-1.702
51.134,-26.393,-11.922,0.233,-22.869,-15.366,7.032,-18.859,-4.957,0.182,6.244,0.292
55.032,85.052,-7.393,-33.537,-0.173,11.833,7.823,33.856,31.22,-35.429,29.927,11.767
56.116,85.386,16.761,-40.89,3.665,-22.261,19.206,-35.625,15.688,14.468,-19.388,13.793
57.343,106.919,5.912,-47.107,10.559,-18.798,8.752,-8.774,32.439,-10.37,1.676,-1.641
57.363,73.672,19.436,-14.682,19.78,-44.636,-4.218,27.336,31.153,24.592,-11.599,-9.601
57.248,141.353,-18.476,-23.131,-2.95,-45.717,10.496,-26.426,28.318,9.004,-14.613,27.064
57.262,67.191,15.959,-25.963,8.069,-22.665,17.912,-6.761,11.185,-2.863,-20.158,-3.499
57.314,75.051,-7.056,-34.936,19.6,-36.68,-1.717,-1.346,23.775,-5.056,-12.808,9.278
55.81,94.229,-18.889,-36.796,-21.673,-36.015,12.815,4.818,7.104,1.925,-1.173,20.409
56.849,75.319,-10.354,-35.026,7.323,-39.069,-2.228,17.226,13.346,13.88,-9.597,10.386
57.479,106.38,-28.331,-36.731,11.866,-33.228,-17.45,-1.407,19.057,5.295,-11.071,24.741
56.894,45.956,-6.812,-16.547,8.963,-29.689,11.17,-8.281,-2.735,24.616,-21.391,22.254
57.641,76.508,-9.791,-31.679,-0.306,-29.399,-13.61,-0.368,19.009,-3.071,7.225,12.327
58.737,94.314,17.122,-18.583,13.955,-32.573,0.748,8.537,24.487,2.689,-1.369,5.091
58.019,77.068,9.415,-2.41,14.395,-29.572,17.655,-31.517,6.436,17.171,-22.55,0.454
58.009,81.596,-11.818,-9.306,22.885,-36.721,-11.005,4.862,20.277,-0.547,-4.692,1.796
57.818,50.592,10.34,-19.508,-1.174,-39.486,-13.618,-13.921,12.585,3.958,-9.537,12.767
56.417,14.444,5.991,-9.297,34.724,-24.259,-4.387,-12.671,33.727,8.557,-25.035,-4.246
53.47,44.403,-36.724,17.446,-8.935,-32.127,-8.33,-3.78,20.075,-6.158,-13.561,-2.847
52.357,59.983,47.352,-82.187,-14.723,-11.397,8.299,-9.083,-2.063,24.58,-27.89,-7.735
56.124,62.489,8.7,-1.204,-5.568,-36.699,3.898,12.819,-7.337,-22.308,-3.405,-0.621
54.473,50.503,9.963,-19.782,9.852,-31.719,-24.317,0.501,3.559,8.097,-0.409,-3.786
54.649,70.359,26.03,-43.767,-2.563,-15.869,-7.295,-3.323,5.955,-1.511,-7.325,-3.873
55.819,35.562,16.161,-18.065,3.572,-39.327,-4.01,9.045,-7.019,9.957,-5.595,-5.342
56.356,58.754,3.104,-29.421,26.204,-23.181,17.956,-23.333,-16.584,14.132,-13.563,0.607
55.353,45.2,23.964,-17.964,-2.518,-29.58,13.798,-16.251,-16.201,5.49,-23.626,5.923
54.782,74.288,-15.992,-33.454,9.117,-62.916,-11.631,15.735,7.122,16.242,-0.25,12.825
54.828,37.104,15.483,-10.697,6.767,-29.466,-1.955,-1.19,-4.836,3.729,-14.044,-4.44
53.923,45.249,-32.186,21.236,1.701,-40.994,-8.551,1.736,-4.855,-3.401,-9.86,6.75
46.963,24.793,-31.007,21.495,5.907,-44.352,10.793,-24.388,-6.719,1.677,-10.682,18.641
47.188,55.925,7.865,-57.4,34.274,-14.003,5.049,26.68,-7.924,-31.032,0.534,-1.673
54.549,43.739,21.584,-34.416,35.503,16.403,39.696,-3.463,2.459,36.732,7.683,2.891
55.998,18.38,41.066,6.28,36.867,-37.239,40.558,13.79,17.184,18.234,-6.257,1.8
56.318,23.809,27.02,-8.265,12.885,-25.981,16.251,-0.462,4.779,7.234,-26.013,-15.713
55.488,31.69,26.874,-47.334,11.31,-15.101,10.607,19.732,10.125,2.054,-2.678,-12.552
54.307,60.825,-19.306,-21.452,19.22,-20.165,9.137,-12.106,-15.873,1.406,-16.112,2.812
55.103,12.336,0.382,-49.058,11.713,-40.725,0.015,-10.433,3.208,6.448,-1.64,-0.039
55.576,3.623,30.738,-7.35,35.447,-73.013,17.216,3.737,14.145,22.122,-11.854,12.149
56.379,19.304,32.146,-18.063,17.3,-24.338,6.453,11.629,3.275,-4.765,-8.727,-14.31
55.549,49.325,-2.37,8.179,2.151,-44.949,0.944,25.406,-7.281,-5.378,2.902,-0.536
55.717,61.513,18.75,-25.396,32.83,-21.356,23.306,-30.436,-5.817,45.667,-1.64,-0.771
57.026,62.528,34.469,-6.291,36.287,-48.388,25.926,10.85,32.165,13.143,5.158,8.111
57.711,50.448,33.316,13.048,24.038,-33.382,25.776,0.251,-4.696,17.796,-17.631,17.413
57.286,35.42,34.698,-11.852,13.133,-36.461,24.36,2.652,-11.469,5.38,-0.43,17.567
56.411,9.696,39.882,-16.354,13.154,-31.911,36.089,10.274,3.677,-0.0,-10.955,8.812
55.609,54.531,-4.584,-20.16,3.74,-32.449,-2.472,3.809,3.554,-7.226,0.325,9.482
55.828,72.236,-2.932,-28.662,3.458,-26.165,-8.128,-7.738,10.698,-0.963,-7.218,-21.534
54.168,35.97,-26.454,17.481,8.316,-26.963,-5.36,0.145,-4.124,-7.152,-17.692,6.538
52.667,113.652,-49.452,-19.253,21.939,-40.83,10.48,31.477,3.403,-12.589,-3.54,13.115
51.73,124.578,-46.019,-35.841,27.301,-23.297,14.894,-33.885,-20.929,5.15,-23.012,10.373
55.428,7.973,24.859,-42.325,33.005,-12.847,18.42,-7.082,15.435,34.376,7.07,-11.431
57.276,41.909,29.78,8.436,39.415,-38.713,40.536,3.78,-9.764,17.922,-15.069,9.465
55.727,55.583,-7.817,-43.005,32.666,-14.882,12.422,19.212,-20.512,14.841,-13.441,5.35
55.357,35.057,-22.569,-25.341,19.775,-24.043,-16.393,35.382,0.159,-8.634,-11.723,18.931
54.067,14.085,-1.33,-37.07,-2.833,-14.468,15.589,-7.911,-9.014,1.968,2.86,10.24
56.049,28.431,51.249,-25.207,-2.822,-26.842,4.642,9.656,-2.192,4.485,-4.748,-17.905
56.838,43.924,28.115,4.698,-11.748,-17.229,2.172,7.612,-5.366,-10.212,-6.835,-12.91
54.457,38.889,26.783,-12.742,-17.773,-29.906,-8.074,-0.222,-15.315,-11.998,3.382,-2.749
55.824,59.511,11.513,1.369,8.386,-21.383,-2.816,-20.305,0.079,14.006,-1.682,1.105
56.307,67.805,-2.362,-24.772,17.378,-26.848,-15.516,10.879,-1.076,6.491,-7.33,4.215
56.442,50.782,-4.752,-13.047,28.571,-28.672,6.944,-5.794,-15.489,31.165,-9.041,1.47
56.467,23.094,20.95,-16.687,14.107,-34.918,11.707,-1.381,-3.655,-10.205,-12.768,8.714
54.666,53.463,-7.416,-37.109,4.2,-29.473,2.307,16.289,-2.465,-11.449,7.288,-4.753
53.493,40.026,-35.904,27.633,5.274,-39.202,-11.413,11.209,1.566,-14.463,-18.719,4.874
47.599,35.21,4.926,4.903,24.444,-40.87,0.076,-29.584,-17.243,-2.399,-15.342,1.824
48.288,65.85,-29.53,-33.022,43.024,-30.03,11.571,30.397,-28.935,-30.987,-0.094,-8.904
55.031,40.578,20.688,-24.412,49.15,-5.273,34.536,-8.265,-1.749,48.432,15.746,-6.443
55.673,15.603,16.275,2.057,14.21,-35.584,-2.788,-0.164,1.297,14.891,-17.226,-18.952
56.36,34.091,4.955,-17.799,18.197,-39.368,-6.568,19.788,5.423,2.887,-8.368,-10.304
54.664,53.08,-26.645,-20.073,23.687,-25.184,12.389,-15.06,-19.819,4.458,-15.501,3.693
54.178,35.117,-22.805,-37.78,-13.673,-28.243,-0.217,-5.147,-11.673,-8.778,9.028,-3.247
55.839,6.723,22.746,-17.203,35.257,-36.901,5.07,-7.972,21.373,29.164,-9.687,-6.808
56.413,23.322,43.523,-19.811,5.404,-33.079,9.195,11.354,8.662,1.149,-10.005,-10.275
55.477,45.083,0.982,10.154,3.589,-54.489,-5.61,14.695,-19.61,-6.775,-10.44,-5.723
54.229,56.311,42.483,-53.993,37.995,-20.279,19.436,-23.855,-23.322,31.589,-15.14,-0.124
56.366,-1.681,42.386,-8.986,21.431,-36.727,20.037,13.068,-3.54,0.67,-5.369,3.584
57.283,17.693,31.323,-10.802,27.203,-48.009,22.605,-2.441,11.995,4.023,-4.141,7.924
57.048,7.188,38.595,2.496,9.542,-27.237,27.599,8.728,-2.404,-9.155,-11.561,-2.2
54.918,10.149,11.952,-30.407,7.748,-31.262,4.164,29.013,-0.278,-5.431,-1.281,6.776
55.509,52.744,-6.882,-23.143,1.307,-38.328,-12.839,-7.615,4.123,-2.581,-14.148,3.773
54.898,56.144,-28.963,2.716,10.917,-51.737,-12.108,15.335,-5.292,-0.547,-7.364,11.564
52.279,59.232,-44.447,-25.978,23.154,-35.296,-0.997,-36.763,-21.512,15.529,-7.297,2.796
52.457,18.247,-24.814,43.676,25.96,-44.378,-0.231,-3.15,-6.768,28.618,-12.919,6.928
53.964,69.57,5.556,-58.766,10.704,6.083,21.953,2.772,-7.714,16.542,-5.828,6.982
56.96,24.051,14.837,-4.261,23.423,-37.044,-5.091,0.623,-5.389,-5.653,-15.863,9.238
55.274,59.87,4.427,-61.174,-2.447,-8.532,-5.93,23.181,2.936,-21.054,-3.02,15.573
56.79,71.766,5.369,-41.291,22.018,-20.899,-12.26,-18.703,-1.121,6.368,-15.53,6.633
56.737,29.35,14.274,-10.196,14.081,-30.819,-1.28,-15.016,13.561,2.572,-3.873,7.937
55.231,26.638,8.091,-14.75,9.982,-36.012,5.09,-7.99,10.193,6.987,-3.766,-5.8
54.774,26.278,0.564,-18.328,-8.38,-39.343,-0.037,5.412,5.672,0.11,2.739,2.083
53.779,21.652,-10.94,-32.832,-17.134,-63.969,-1.474,-0.636,2.175,12.412,-2.062,11.365
53.903,19.912,-10.607,-18.243,-11.92,-66.722,-3.529,-4.795,2.837,20.13,-5.586,15.858
54.458,42.086,-5.811,-40.666,-5.172,-31.343,3.909,-2.476,0.141,6.952,-8.619,0.626
56.4,47.419,15.95,0.113,18.726,-26.366,-4.252,-20.108,-9.846,13.987,-13.106,18.552
54.204,4.363,-4.337,-10.802,-6.798,-38.177,-4.345,0.909,1.997,-0.503,-8.66,11.794
53.694,12.95,4.016,-13.505,-4.032,-23.196,14.183,-5.776,11.279,-11.361,8.642,-3.718
53.556,23.705,-1.431,-26.991,-11.799,-34.52,0.663,-0.825,18.655,0.594,-2.742,6.255
54.496,53.371,-14.335,-30.924,-0.974,-27.691,6.319,-14.167,4.068,-5.067,-9.552,-6.519
56.501,64.011,12.629,-27.635,12.391,-18.44,-2.508,-0.142,10.836,9.045,-9.437,13.011
55.036,58.013,16.164,-16.999,-10.635,-32.426,7.236,3.549,1.287,2.942,-8.404,5.699
54.705,50.847,14.603,-19.249,-12.128,-31.518,5.681,-8.226,2.257,5.214,-9.024,2.224
55.402,73.099,3.252,-24.694,-12.076,-56.15,4.153,-6.372,15.097,0.411,-6.931,14.316
56.364,70.243,21.07,-36.832,7.545,-40.677,-1.857,-15.836,12.513,9.042,-1.444,0.069
56.891,45.448,28.633,-9.433,14.198,-28.049,6.861,2.113,10.191,16.863,-21.606,9.697
54.864,46.991,3.96,39.072,26.963,-9.336,-6.48,9.619,16.981,9.281,-60.659,2.29
49.774,77.116,35.556,-158.002,26.839,73.468,-1.859,15.478,-10.47,9.447,46.34,-7.457
56.655,85.879,4.605,0.296,5.572,-31.163,-5.789,-1.527,-1.501,-7.317,-8.071,-0.827
56.254,61.836,32.541,-17.031,10.774,-3.514,-3.499,6.936,-11.362,11.36,-14.879,-2.577
55.825,44.224,9.495,-37.599,0.799,-36.814,-21.073,-4.636,-3.012,16.916,-9.912,-28.288
56.588,74.306,25.156,-23.856,-12.137,-36.785,-32.085,3.47,5.238,-6.144,-0.717,-25.938
56.633,102.287,2.622,-4.201,-12.254,-26.956,-18.951,-2.288,-14.857,0.166,-15.154,-7.714
55.984,80.874,20.582,8.754,3.258,-35.133,-20.324,16.504,-17.253,-9.764,-7.215,-8.863
55.913,75.378,-2.14,-14.49,-0.419,-16.896,-19.451,11.063,-5.603,-7.35,-13.1,9.704
54.229,110.347,-4.344,-34.457,20.021,-37.878,31.462,8.764,-14.025,-14.363,-3.584,6.937
56.769,99.527,7.795,-60.18,-19.089,-36.615,-22.27,32.287,4.457,-4.172,8.952,8.694
56.852,46.946,34.373,-24.847,13.131,-37.477,9.841,-11.962,-2.554,16.016,-6.948,0.808
56.24,65.997,-11.004,17.478,13.835,-49.697,-14.448,16.118,-1.465,-7.733,-4.673,-1.149
53.86,58.552,17.946,-17.126,-20.731,-27.701,19.209,-18.717,-34.863,2.799,0.6,1.258
55.662,45.206,12.202,-17.139,12.436,-12.381,-16.521,25.385,-7.718,-13.742,-13.2,4.737
54.231,43.108,13.204,-28.828,7.027,-28.788,-4.259,-16.643,-27.217,15.719,-9.247,10.697
56.703,54.633,26.552,-32.203,9.978,-21.442,0.212,-5.893,-2.371,-0.211,2.064,4.711
57.94,52.276,29.761,-0.431,7.358,-46.342,5.578,9.181,9.019,-9.151,-7.026,4.972
56.548,89.265,21.49,-4.278,-23.816,-28.379,23.152,-20.774,-25.518,4.502,-7.788,-6.919
56.952,69.09,27.586,-29.985,-14.978,-28.306,-5.686,-0.176,0.566,-14.738,-10.573,1.953
56.194,69.631,21.68,6.726,19.036,-46.71,-23.748,13.389,-2.242,-27.186,-3.862,3.673
56.186,60.411,48.91,-17.76,26.65,-17.945,16.472,18.914,-0.304,22.688,-6.375,-16.153
54.988,42.336,21.911,-47.606,-6.518,-23.835,3.629,2.518,3.506,-7.878,-0.997,-17.951
56.465,82.052,7.117,-5.787,9.397,-32.904,-33.654,4.755,-15.023,-0.774,-19.128,-16.218
55.468,43.1,20.39,-24.781,-3.118,-41.71,27.39,-12.831,-41.655,31.51,-0.937,3.204
55.561,90.352,19.778,-2.674,14.44,-27.624,-1.332,15.079,-14.782,-15.396,-6.574,6.068
56.173,93.595,0.342,4.174,-2.005,-13.424,-15.051,-19.243,-4.804,13.933,-14.735,10.255
53.992,114.195,-8.077,-57.843,0.344,-40.198,21.409,26.697,-19.49,-18.105,-2.38,-9.281
57.266,61.107,36.211,-45.117,-6.148,-27.171,4.555,7.559,-16.314,13.11,-5.735,-1.804
56.788,56.861,29.257,8.86,17.656,-26.179,22.605,27.761,-0.57,-7.58,-23.087,20.216
54.84,42.669,39.741,-42.393,3.24,-11.411,17.418,3.228,-6.17,10.198,-20.048,-2.087
55.86,67.39,14.041,5.676,14.749,-47.853,12.764,12.021,-19.401,29.221,3.597,-2.949
56.535,49.094,30.936,-7.675,19.172,-28.009,12.099,21.142,-5.066,3.887,-14.79,1.421
56.192,48.115,27.776,-15.615,2.351,-34.066,-1.228,-0.381,-9.07,0.26,-5.391,21.859
57.466,76.348,21.743,-14.155,0.121,-41.81,14.59,5.945,-2.604,1.393,-6.72,22.725
57.127,77.594,21.827,-2.125,-8.715,-25.636,11.552,0.459,-6.723,2.849,-21.804,7.177
55.47,67.686,13.13,-16.033,-34.981,-37.978,7.553,2.645,-7.877,-3.66,-2.295,4.141
57.226,82.281,33.476,-44.913,-14.821,-31.222,1.222,-2.227,-1.391,12.32,0.502,-15.709
58.821,88.401,57.226,-6.763,18.658,-31.215,3.021,-20.786,3.67,1.156,-26.353,-23.584
57.752,37.339,68.32,-4.867,35.92,-33.997,29.278,21.84,2.481,0.434,-14.509,-6.436
55.591,74.618,23.425,4.002,7.498,-28.424,32.79,-18.44,-13.95,-0.433,-18.143,-8.238
54.315,60.752,24.514,-2.288,-31.669,-39.969,17.996,-6.445,-15.842,3.985,-4.364,-6.378
56.828,55.667,30.161,-26.914,-2.575,-21.495,4.043,-19.325,0.598,-0.031,-6.127,-22.54
57.629,44.386,55.201,6.496,28.445,-43.008,37.268,11.329,-6.026,-9.969,-13.855,11.866
54.598,35.997,34.84,4.193,-0.948,-38.182,38.275,-2.001,-14.751,3.245,-4.458,12.855
58.069,79.324,24.435,-20.019,21.258,-13.927,-21.333,6.246,3.874,-12.436,4.707,-0.431
57.891,69.536,40.021,3.604,14.694,-17.257,-10.365,-23.099,-10.353,10.369,-19.762,-9.793
57.924,76.977,17.953,-25.725,4.477,-28.294,-24.892,19.914,8.152,-13.274,-11.629,-12.469
54.021,75.548,25.668,-10.962,-16.924,-23.65,20.068,-8.867,-19.599,5.654,-15.989,-11.918
54.361,48.908,19.096,-23.868,-9.515,-34.638,24.265,-15.447,-16.48,-0.367,-13.354,2.408
57.064,70.106,21.996,-27.251,-3.95,-6.972,1.692,3.486,2.048,-24.779,-1.061,0.747
57.055,77.34,22.554,-3.75,19.488,-37.104,5.5,14.619,-7.591,-19.873,2.634,6.202
57.449,44.515,55.682,-31.456,24.822,-6.142,23.09,24.866,-0.455,-7.321,1.439,6.142
56.575,89.176,30.917,3.437,-4.449,-33.842,2.127,16.389,-25.942,8.061,-16.551,-6.613
57.849,78.306,29.462,-33.51,9.287,-29.213,-33.533,24.374,-13.765,10.323,-7.246,-18.203
57.601,85.526,23.406,-2.784,-10.094,-17.449,-13.528,-37.997,-15.909,1.052,-20.875,-10.794
54.742,58.548,18.414,-6.168,-8.098,-13.436,13.163,9.04,-17.644,-11.321,-6.752,-9.21
53.177,68.093,3.485,0.414,-18.276,-39.795,15.076,-9.032,-25.026,1.876,-11.932,-5.178
52.273,73.76,7.788,-24.139,-27.652,-35.566,29.607,-6.076,-15.672,-0.052,-6.905,-2.87
52.836,76.61,16.114,-15.307,-34.081,-29.56,31.558,-5.52,-18.477,-3.921,-4.308,-5.381
52.135,57.101,-16.509,-11.576,-49.712,-51.057,14.94,-17.397,-30.377,7.668,3.156,-4.005
57.417,44.172,20.369,-14.559,25.144,-51.903,9.082,7.736,12.673,0.97,-8.318,2.83
57.553,63.725,62.885,-4.294,20.111,-35.048,31.127,5.217,-2.212,11.235,-12.516,5.205
57.438,52.393,46.738,-4.992,25.845,-39.384,28.26,6.589,15.934,8.298,-10.187,3.67
56.207,72.845,13.13,-13.501,22.865,-27.497,22.719,-0.069,-0.125,-9.015,-20.272,9.252
57.093,57.195,9.376,-32.947,-4.814,-30.11,-21.332,12.326,0.94,-3.556,9.951,0.148
57.342,38.573,44.838,3.208,16.325,-40.494,26.963,5.323,-8.804,15.793,-11.377,1.414
56.811,57.102,18.324,-10.741,-4.063,-50.561,-2.929,2.171,2.956,-6.762,3.197,0.797
56.516,59.967,10.841,8.677,-2.457,-45.981,0.826,0.129,-1.735,-7.415,-12.374,8.575
53.823,19.63,-7.215,-13.96,-17.228,-64.882,-4.646,-19.402,-5.555,23.591,-14.548,14.048
56.031,56.791,-9.421,4.516,-16.805,-35.71,-7.566,-5.838,-2.885,-1.672,4.39,2.865
56.993,66.511,40.704,-53.177,-4.179,-24.66,0.284,6.668,-0.92,5.708,-5.751,-7.254
58.144,52.329,39.415,-13.585,12.266,-35.62,-5.254,27.12,-1.528,13.052,-4.492,-13.451
57.449,57.279,21.152,-32.603,-14.332,-26.967,-6.869,-6.855,-3.324,12.173,-10.217,-14.218
57.346,63.149,28.366,6.141,2.95,-31.214,3.134,6.92,-9.077,-5.771,-21.588,-6.012
57.158,66.798,24.857,-8.652,-1.762,-24.674,-4.262,8.416,-0.34,0.079,-8.519,-0.599
56.554,91.831,-5.15,-22.122,6.737,-33.86,22.213,-12.874,-18.848,-8.401,-14.099,2.087
56.959,83.081,23.075,-43.251,7.135,-28.982,-26.99,28.401,16.017,-5.546,11.376,-4.052
58.086,129.714,13.827,-10.947,-5.011,-31.537,-20.353,-35.422,4.913,7.048,-18.729,-2.873
56.924,63.709,8.931,-2.759,-2.661,-46.781,-16.445,3.739,-3.18,-16.081,-7.746,-1.243
56.645,55.038,26.596,-19.424,12.263,-26.163,-1.897,3.612,-16.667,13.426,-19.407,-1.654
55.988,29.339,20.472,-12.611,17.871,-22.574,5.674,-8.287,-7.144,6.784,-14.686,4.781
56.62,28.443,36.237,-21.384,26.1,-28.951,12.688,1.597,19.017,11.797,-2.968,-4.725
57.152,36.034,51.316,-3.752,25.676,-22.99,21.103,19.835,15.288,0.05,-6.772,-0.112
56.771,47.409,62.504,-7.307,28.281,-32.626,31.63,-1.659,18.796,7.272,-6.263,2.356
57.246,44.21,37.822,-9.005,7.434,-35.672,25.67,-13.675,-21.992,7.711,-8.836,1.953
58.543,88.567,24.575,-15.04,3.95,-28.441,6.787,7.356,14.916,-6.856,-7.219,10.114
57.055,39.726,47.438,-16.044,-9.43,-34.352,23.117,5.144,-17.863,-10.788,-2.714,6.244
57.731,41.879,24.338,-10.761,4.37,-36.736,6.938,-2.371,-10.187,-14.62,-4.27,25.916
57.777,35.312,67.734,-4.291,15.609,-23.829,22.486,19.899,-6.494,-4.461,-4.074,3.732
57.276,36.537,28.484,-15.423,8.207,-36.779,7.608,7.483,-9.119,8.348,-11.522,-4.474
57.043,59.478,30.537,-22.827,-11.442,-38.067,26.765,-7.888,-32.832,0.095,-7.88,-0.777
57.243,51.054,37.732,4.443,-6.72,-34.626,8.162,18.448,-12.457,-5.511,-10.846,-6.345
56.624,81.218,8.326,-21.174,-15.948,-10.066,-6.365,-11.708,3.485,-8.71,-13.24,-3.504
56.564,79.058,-3.022,-34.858,6.507,-34.421,16.204,-8.074,-10.117,-21.294,-10.296,-3.594
57.694,55.119,51.005,-18.715,9.045,-30.712,-8.598,13.817,2.082,-3.143,-3.107,-9.678
56.527,74.578,25.974,-13.619,-18.796,-38.977,-17.606,-9.62,7.81,3.043,-20.443,8.96
57.284,38.838,39.267,-6.158,17.404,-21.51,0.65,23.226,-0.698,0.638,-3.957,-7.072
56.806,27.19,35.586,-8.054,4.051,-28.983,12.103,14.796,-9.989,0.491,-17.566,-8.319
56.271,47.367,27.375,-25.729,4.627,-27.12,9.949,-9.233,1.121,-6.305,7.389,-1.615
58.051,57.482,31.39,3.657,9.024,-36.523,6.585,12.157,-7.97,-1.319,-5.014,-3.457
56.895,51.87,10.182,-23.802,0.98,-32.435,-5.327,4.37,-0.081,-4.605,7.246,7.225
58.311,80.612,50.182,-40.824,5.504,-29.546,8.039,3.817,-0.47,-2.892,-9.256,-8.62
58.688,52.295,61.663,5.225,9.413,-30.589,17.747,-11.374,-12.633,3.945,-11.291,-8.29
58.125,43.29,58.029,15.842,14.678,-42.576,24.105,25.121,-10.814,1.096,-12.216,1.724
58.087,68.314,36.71,-10.118,-9.397,-41.904,5.397,14.26,3.646,16.541,3.362,-18.483
58.205,58.936,51.117,-4.681,-0.039,-27.187,12.645,-13.995,4.007,1.859,-13.708,-13.373
58.479,46.322,56.42,2.432,15.101,-38.591,15.254,15.597,-10.8,-9.715,-2.745,2.679
56.783,54.875,41.677,4.027,-8.709,-33.63,21.616,-1.494,-3.363,-1.616,-6.033,7.714
57.78,66.001,31.117,-26.169,-7.891,-22.581,-7.128,6.27,-2.096,-2.806,-3.292,-4.157
58.174,81.798,32.438,-11.473,-4.938,-23.547,-0.454,-3.137,4.783,-1.341,-12.589,-12.415
57.56,78.731,38.756,-27.465,-19.994,-39.355,5.435,17.157,-2.956,-4.716,-7.915,-11.18
58.001,98.227,42.465,-1.63,-7.661,-25.291,-2.839,-6.988,5.751,5.942,-19.903,-1.718
57.175,66.191,46.449,-20.667,-10.38,-28.858,11.371,1.269,4.632,3.788,-9.05,4.131
57.387,67.465,28.204,-7.855,12.667,-40.368,12.48,15.072,-9.108,-18.371,-8.111,7.773
58.123,48.361,59.228,-10.179,16.311,-17.638,23.638,25.151,1.101,-3.553,2.543,-6.021
57.124,70.529,27.52,-27.535,21.091,-36.195,6.385,-14.358,-16.607,-6.311,-6.848,-9.584
57.388,52.45,34.226,1.416,-3.899,-38.443,12.797,9.459,-10.323,-10.816,1.266,-6.871
56.297,57.271,46.716,9.828,-16.382,-49.722,24.663,4.438,-6.871,-1.693,5.676,3.649
55.986,36.277,45.851,-15.287,-11.292,-32.004,22.161,7.337,-0.883,1.845,-11.5,4.891
56.074,50.27,31.816,-6.196,-25.491,-51.397,31.798,20.248,-8.54,1.533,-5.205,1.393
57.281,45.181,45.88,-33.091,-0.418,-34.7,21.154,0.309,-3.944,10.238,-1.839,7.05
57.091,37.541,25.54,-0.18,11.657,-34.139,28.887,-8.462,11.284,-3.782,-6.646,7.553
56.898,60.18,17.511,-37.306,13.414,-40.551,17.855,9.941,-2.874,-10.278,-6.403,-8.591
57.867,62.203,30.857,-4.806,14.093,-43.346,10.584,2.353,-1.068,4.334,-8.197,2.343
57.596,38.78,19.296,5.364,0.243,-27.48,9.655,7.309,-10.759,-5.899,-10.019,1.201
57.288,30.613,29.113,-11.868,15.453,-13.081,13.301,-0.083,5.737,-6.894,-0.234,1.999
57.132,31.298,33.849,-15.109,16.51,-31.525,24.798,17.049,12.384,4.006,-7.79,7.407
57.353,40.564,27.94,-16.173,4.633,-40.472,8.571,7.424,-1.33,2.397,-8.741,0.634
57.969,59.393,20.388,-18.569,7.153,-36.043,-2.584,9.666,-5.4,-1.338,5.796,-11.025
57.428,52.18,21.065,7.829,-3.0,-30.685,-5.458,-11.984,-7.724,6.484,-15.253,2.482
56.283,29.459,48.799,-40.17,-4.78,-34.007,14.589,16.104,-3.45,5.762,0.433,-0.941
58.099,62.479,29.554,-2.839,8.965,-45.062,23.765,-4.269,7.348,6.426,0.736,-13.32
58.112,68.817,44.54,-6.464,2.269,-26.282,32.643,-15.71,5.733,-4.814,-11.36,-3.581
57.186,55.701,57.195,8.403,-13.927,-37.737,31.991,5.892,-11.844,6.026,-6.117,-4.465
54.993,45.913,89.346,12.913,-1.535,-17.186,17.575,10.604,-28.203,-9.81,-19.963,-1.17
48.804,25.524,61.364,34.926,22.856,-47.918,5.108,-0.303,-4.509,-5.138,-8.346,-6.923
44.83,-4.95,62.343,20.911,13.298,-53.854,18.426,2.688,8.803,11.977,1.72,-10.132
43.589,6.912,85.058,22.018,5.975,-35.522,51.566,-0.861,20.903,6.276,-15.553,-22.842
42.436,6.165,123.056,7.599,22.103,-36.609,50.634,13.961,17.122,4.353,-3.056,-20.977
42.843,-17.253,71.273,19.667,13.272,-67.105,50.323,2.49,15.501,11.185,-7.66,-17.227
42.356,9.689,122.591,25.534,24.704,-42.735,49.656,2.814,17.785,13.832,-15.201,-25.418
42.742,27.314,136.219,4.821,11.44,-38.838,38.943,19.818,6.868,12.04,-4.277,-32.876
42.401,150.773,133.824,45.894,-3.696,-57.676,44.151,0.19,-24.836,-4.704,-8.488,-25.958
43.473,87.032,135.692,30.753,4.309,-31.059,34.991,-7.178,-37.41,24.521,-6.769,-8.101
42.785,189.571,160.523,47.299,15.064,-29.909,29.01,58.033,-15.883,-29.355,7.982,-16.731
40.219,276.364,170.395,67.257,-16.766,-24.123,57.888,1.274,-84.499,-15.217,-16.322,-1.683
38.731,285.209,205.882,62.502,-36.587,-2.24,82.666,6.463,-82.125,-4.738,-22.695,-2.585
37.628,266.103,228.922,84.13,-64.842,-9.217,80.246,22.445,-84.251,-25.571,-7.461,4.583
40.842,159.614,143.014,24.626,-52.467,-13.848,40.375,-28.161,-76.967,2.058,-6.419,2.311
43.279,64.186,159.984,50.31,53.561,-32.399,42.493,5.572,22.099,1.406,2.163,-30.114
43.914,59.367,163.605,24.183,44.332,-22.113,47.902,6.859,20.568,0.266,-6.361,-27.4
43.37,83.241,187.885,41.012,55.428,-34.309,53.93,1.721,28.656,6.954,-15.547,-39.854
44.24,85.168,156.653,65.261,43.411,-21.945,39.221,-23.906,12.709,9.033,-11.02,-33.993
43.712,74.824,136.964,52.142,25.512,-32.491,52.025,-24.796,12.799,20.648,-16.127,-32.045
41.873,-22.101,124.527,41.459,38.492,-30.919,29.408,-28.491,-2.586,4.455,-14.657,-13.224
42.368,-36.831,75.422,16.461,24.109,-35.846,12.911,-14.099,13.323,3.345,-7.117,-6.486
41.074,-75.356,60.442,1.614,7.311,-53.804,36.998,-0.079,11.329,12.405,-10.36,-6.178
41.51,-43.655,68.826,6.754,2.818,-28.179,22.763,-28.576,-2.824,-1.533,1.697,-16.426
40.368,-49.475,62.58,20.534,9.258,-31.568,46.894,-13.865,22.638,-0.765,-19.49,-19.429
38.223,-94.914,27.358,48.078,5.171,-21.558,33.485,-19.682,7.868,1.269,-54.801,-0.233
31.552,-147.137,-61.418,17.557,-36.031,-33.578,13.996,-6.109,-5.097,-4.855,-19.397,7.548
27.743,-172.046,-66.052,-28.324,-38.038,-31.322,18.999,7.04,-10.542,-6.626,-15.136,-5.256
26.228,-178.612,-84.924,-24.651,-23.06,-26.059,6.808,1.767,-17.768,0.24,-16.061,-8.847
28.234,-173.939,-49.816,-57.389,-30.122,-12.077,13.81,9.564,-14.467,-6.819,3.527,-5.591
27.855,-172.818,-56.074,-35.734,-34.373,-46.419,2.332,-1.833,-16.993,-6.102,5.18,-10.464
27.398,-179.341,-65.046,-35.842,-34.667,-48.267,7.263,5.852,-17.575,-6.617,-4.452,-5.458
26.046,-176.919,-70.399,-40.784,-29.129,-38.619,15.254,4.947,-19.801,-3.356,-8.753,-9.03
27.055,-182.882,-74.62,-33.062,-25.328,-40.431,3.89,3.902,-21.879,-0.652,-27.107,1.298
24.973,-196.665,-107.5,-63.639,-20.729,-64.147,-2.727,7.929,-13.233,-4.76,6.065,-26.303
28.377,-166.006,-50.552,-48.659,-43.866,-16.609,22.322,9.482,-17.778,-12.417,-3.016,-3.681
29.388,-175.781,-40.402,-34.615,-31.253,-57.732,-2.517,0.751,-19.499,2.72,8.821,-2.122
28.925,-172.737,-46.744,-26.894,-35.626,-55.967,6.865,-3.382,-17.393,-7.738,-18.064,-2.247
26.489,-186.87,-61.589,-47.131,-23.619,-43.11,20.181,8.608,-19.971,-7.069,-6.82,-4.801
26.417,-200.798,-69.378,-54.427,-14.554,-61.712,8.748,4.578,-21.888,-7.768,-0.453,-8.814
24.233,-140.533,-101.697,48.655,-19.992,-11.249,-15.889,75.306,-13.287,-6.262,-52.773,-0.534
